doc_id,source_file,invoice_number,invoice_date,total_amount,currency,vendor_name,client_name
invoice_Aaron Bergman_36258,invoice_Aaron Bergman_36258.txt,36258,Mar 06 2012,48.71,,,
invoice_Aaron Bergman_36259,invoice_Aaron Bergman_36259.txt,36259,Mar 06 2012,53.82,,,
invoice_Aaron Bergman_36260,invoice_Aaron Bergman_36260.txt,Date,,0.00,,,
invoice_Aaron Bergman_39519,invoice_Aaron Bergman_39519.txt,39519,Feb 19 2012,25.25,,,
invoice_Aaron Hawkins_36651,invoice_Aaron Hawkins_36651.txt,36651,May 12 2012,"1,676.74",,,
invoice_Aaron Hawkins_36652,invoice_Aaron Hawkins_36652.txt,36652,May 12 2012,16.00,,,
invoice_Aaron Hawkins_37425,invoice_Aaron Hawkins_37425.txt,37425,Oct 24 2012,197.63,,,
invoice_Aaron Hawkins_38460,invoice_Aaron Hawkins_38460.txt,38460,Apr 21 2012,"1,982.72",,,
invoice_Aaron Hawkins_38461,invoice_Aaron Hawkins_38461.txt,Date,,0.00,,,
invoice_Aaron Hawkins_40100,invoice_Aaron Hawkins_40100.txt,40100,Dec 30 2012,104.31,,,
invoice_Aaron Hawkins_40101,invoice_Aaron Hawkins_40101.txt,40101,Dec 30 2012,56.70,,,
invoice_Aaron Hawkins_47905,invoice_Aaron Hawkins_47905.txt,47905,Sep 13 2012,"22,903.56",,,
invoice_Aaron Hawkins_4820,invoice_Aaron Hawkins_4820.txt,4820,Dec 08 2012,"3,122.43",,,
invoice_Aaron Hawkins_49674,invoice_Aaron Hawkins_49674.txt,49674,Feb 20 2013,"8,204.16",,,
invoice_Aaron Hawkins_6817,invoice_Aaron Hawkins_6817.txt,6817,Oct 23 2012,"10,604.00",,,
invoice_Aaron Smayling_15978,invoice_Aaron Smayling_15978.txt,15978,Mar 31 2012,"2,979.50",,,
invoice_Aaron Smayling_35876,invoice_Aaron Smayling_35876.txt,35876,Jul 26 2012,723.58,,,
invoice_Adam Bellavance_21617,invoice_Adam Bellavance_21617.txt,21617,May 31 2012,"8,301.68",,,
invoice_Adam Hart_16384,invoice_Adam Hart_16384.txt,16384,Dec 08 2012,"6,118.14",,,
invoice_Adam Hart_30118,invoice_Adam Hart_30118.txt,30118,Aug 22 2012,"7,300.21",,,
invoice_Adam Hart_30845,invoice_Adam Hart_30845.txt,30845,Sep 11 2012,"2,981.66",,,
invoice_Adam Hart_36279,invoice_Adam Hart_36279.txt,36279,Nov 15 2012,10.44,,,
invoice_Adam Shillingsburg_12471,invoice_Adam Shillingsburg_12471.txt,12471,May 20 2012,"3,045.60",,,
invoice_Adam Shillingsburg_40245,invoice_Adam Shillingsburg_40245.txt,40245,Dec 23 2012,13.97,,,
invoice_Adam Shillingsburg_40952,invoice_Adam Shillingsburg_40952.txt,Date,,0.00,,,
invoice_Adam Shillingsburg_40953,invoice_Adam Shillingsburg_40953.txt,40953,Sep 21 2012,3.98,,,
invoice_Adam Shillingsburg_40954,invoice_Adam Shillingsburg_40954.txt,40954,Sep 21 2012,52.16,,,
invoice_Adam Shillingsburg_40955,invoice_Adam Shillingsburg_40955.txt,40955,Sep 21 2012,"2,318.11",,,
invoice_Adrian Barton_25445,invoice_Adrian Barton_25445.txt,25445,Dec 27 2012,"3,200.04",,,
invoice_Adrian Barton_35579,invoice_Adrian Barton_35579.txt,35579,Dec 19 2012,3.69,,,
invoice_Adrian Barton_35580,invoice_Adrian Barton_35580.txt,35580,Dec 19 2012,"3,311.91",,,
invoice_Adrian Hane_33399,invoice_Adrian Hane_33399.txt,33399,Jul 17 2012,"1,036.54",,,
invoice_Aimee Bixby_39793,invoice_Aimee Bixby_39793.txt,39793,Mar 04 2012,178.56,,,
invoice_Aimee Bixby_39794,invoice_Aimee Bixby_39794.txt,39794,Mar 04 2012,"1,439.91",,,
invoice_Aimee Bixby_39795,invoice_Aimee Bixby_39795.txt,39795,Mar 04 2012,37.24,,,
invoice_Aimee Bixby_39796,invoice_Aimee Bixby_39796.txt,39796,Mar 04 2012,297.79,,,
invoice_Aimee Bixby_39797,invoice_Aimee Bixby_39797.txt,39797,Mar 04 2012,195.64,,,
invoice_Alan Barnes_36600,invoice_Alan Barnes_36600.txt,36600,Nov 15 2012,74.59,,,
invoice_Alan Dominguez_1626,invoice_Alan Dominguez_1626.txt,1626,Aug 15 2012,"2,687.00",,,
invoice_Alan Dominguez_31421,invoice_Alan Dominguez_31421.txt,31421,Dec 25 2012,"1,801.67",,,
invoice_Alan Dominguez_41032,invoice_Alan Dominguez_41032.txt,Date,,0.00,,,
invoice_Alan Haines_22343,invoice_Alan Haines_22343.txt,22343,Dec 20 2012,735.36,,,
invoice_Alan Haines_29721,invoice_Alan Haines_29721.txt,29721,Nov 24 2012,"10,615.65",,,
invoice_Alan Haines_36551,invoice_Alan Haines_36551.txt,36551,Mar 05 2013,198.74,,,
invoice_Alan Haines_36552,invoice_Alan Haines_36552.txt,36552,Mar 05 2013,67.14,,,
invoice_Alan Haines_42998,invoice_Alan Haines_42998.txt,42998,Aug 08 2012,527.04,,,
invoice_Alan Haines_5873,invoice_Alan Haines_5873.txt,5873,Jan 17 2012,"15,527.06",,,
invoice_Alan Hwang_14266,invoice_Alan Hwang_14266.txt,14266,Dec 01 2012,"9,466.80",,,
invoice_Alan Hwang_14267,invoice_Alan Hwang_14267.txt,14267,Dec 01 2012,"1,112.45",,,
invoice_Alan Hwang_14269,invoice_Alan Hwang_14269.txt,14269,Dec 01 2012,"1,137.86",,,
invoice_Alan Hwang_28262,invoice_Alan Hwang_28262.txt,28262,Dec 05 2012,"4,194.24",,,
invoice_Alan Hwang_35712,invoice_Alan Hwang_35712.txt,35712,Nov 28 2012,"1,151.84",,,
invoice_Alan Hwang_35713,invoice_Alan Hwang_35713.txt,35713,Nov 28 2012,152.00,,,
invoice_Alan Schoenberger_33272,invoice_Alan Schoenberger_33272.txt,33272,Oct 17 2012,827.91,,,
invoice_Alan Schoenberger_33273,invoice_Alan Schoenberger_33273.txt,33273,Oct 17 2012,"6,974.75",,,
invoice_Alan Schoenberger_33274,invoice_Alan Schoenberger_33274.txt,33274,Oct 17 2012,"3,275.28",,,
invoice_Alan Shonely_31899,invoice_Alan Shonely_31899.txt,31899,Mar 14 2012,142.78,,,
invoice_Alan Shonely_31900,invoice_Alan Shonely_31900.txt,31900,Mar 14 2012,137.09,,,
invoice_Alan Shonely_31901,invoice_Alan Shonely_31901.txt,31901,Mar 14 2012,21.65,,,
invoice_Alan Shonely_31902,invoice_Alan Shonely_31902.txt,31902,Mar 14 2012,172.75,,,
invoice_Alan Shonely_31903,invoice_Alan Shonely_31903.txt,31903,Mar 14 2012,395.71,,,
invoice_Alan Shonely_37511,invoice_Alan Shonely_37511.txt,Date,,0.00,,,
invoice_Alan Shonely_43048,invoice_Alan Shonely_43048.txt,43048,Sep 20 2012,4.80,,,
invoice_Alejandro Ballentine_40780,invoice_Alejandro Ballentine_40780.txt,40780,Jul 21 2012,118.08,,,
invoice_Alejandro Grove_24518,invoice_Alejandro Grove_24518.txt,24518,Jan 11 2013,"19,620.00",,,
invoice_Alejandro Grove_31314,invoice_Alejandro Grove_31314.txt,31314,May 12 2012,111.00,,,
invoice_Alejandro Grove_38707,invoice_Alejandro Grove_38707.txt,38707,Jul 22 2012,199.96,,,
invoice_Alejandro Savely_20581,invoice_Alejandro Savely_20581.txt,20581,Nov 08 2012,551.16,,,
invoice_Alejandro Savely_20583,invoice_Alejandro Savely_20583.txt,20583,Nov 08 2012,"6,785.52",,,
invoice_Alejandro Savely_41450,invoice_Alejandro Savely_41450.txt,41450,Aug 16 2012,"9,546.00",,,
invoice_Aleksandra Gannaway_33911,invoice_Aleksandra Gannaway_33911.txt,33911,Apr 25 2012,690.84,,,
invoice_Aleksandra Gannaway_33912,invoice_Aleksandra Gannaway_33912.txt,Date,,0.00,,,
invoice_Alex Avila_33526,invoice_Alex Avila_33526.txt,33526,Mar 30 2012,"1,347.14",,,
invoice_Alex Avila_33527,invoice_Alex Avila_33527.txt,33527,Mar 30 2012,105.96,,,
invoice_Alex Avila_38765,invoice_Alex Avila_38765.txt,38765,Sep 14 2012,44.82,,,
invoice_Alex Avila_38766,invoice_Alex Avila_38766.txt,38766,Sep 14 2012,29.12,,,
invoice_Alex Grayson_18794,invoice_Alex Grayson_18794.txt,18794,Jul 19 2012,545.52,,,
invoice_Alex Russell_28157,invoice_Alex Russell_28157.txt,28157,Jun 09 2012,942.01,,,
invoice_Alex Russell_38655,invoice_Alex Russell_38655.txt,38655,Dec 29 2012,"1,511.78",,,
invoice_Alex Russell_38656,invoice_Alex Russell_38656.txt,38656,Dec 29 2012,"1,571.29",,,
invoice_Alice McCarthy_10670,invoice_Alice McCarthy_10670.txt,10670,Aug 15 2012,"31,171.35",,,
invoice_Alice McCarthy_36714,invoice_Alice McCarthy_36714.txt,36714,Oct 05 2012,30.72,,,
invoice_Alice McCarthy_8673,invoice_Alice McCarthy_8673.txt,8673,Sep 29 2012,"4,699.20",,,
invoice_Allen Armold_32104,invoice_Allen Armold_32104.txt,32104,Feb 02 2013,56.80,,,
invoice_Allen Armold_32105,invoice_Allen Armold_32105.txt,32105,Feb 02 2013,449.91,,,
invoice_Allen Armold_32469,invoice_Allen Armold_32469.txt,32469,Apr 20 2012,82.60,,,
invoice_Allen Armold_34304,invoice_Allen Armold_34304.txt,34304,Oct 23 2012,102.82,,,
invoice_Allen Goldenen_36282,invoice_Allen Goldenen_36282.txt,36282,Sep 02 2012,72.00,,,
invoice_Allen Goldenen_39139,invoice_Allen Goldenen_39139.txt,39139,Apr 18 2012,174.15,,,
invoice_Allen Goldenen_39140,invoice_Allen Goldenen_39140.txt,39140,Apr 18 2012,784.08,,,
invoice_Allen Rosenblatt_27259,invoice_Allen Rosenblatt_27259.txt,27259,Jun 21 2012,"1,857.06",,,
invoice_Allen Rosenblatt_33571,invoice_Allen Rosenblatt_33571.txt,33571,Oct 02 2012,143.43,,,
invoice_Allen Rosenblatt_33572,invoice_Allen Rosenblatt_33572.txt,33572,Oct 02 2012,367.06,,,
invoice_Alyssa Crouse_31634,invoice_Alyssa Crouse_31634.txt,31634,Jul 11 2012,15.42,,,
invoice_Alyssa Crouse_31635,invoice_Alyssa Crouse_31635.txt,31635,Jul 11 2012,"2,095.06",,,
invoice_Alyssa Tate_32473,invoice_Alyssa Tate_32473.txt,32473,Dec 26 2012,46.24,,,
invoice_Alyssa Tate_41218,invoice_Alyssa Tate_41218.txt,41218,Nov 23 2012,17.23,,,
invoice_Amy Cox_36068,invoice_Amy Cox_36068.txt,36068,Oct 30 2012,"5,938.69",,,
invoice_Amy Hunt_36350,invoice_Amy Hunt_36350.txt,36350,Jan 02 2013,"1,992.00",,,
invoice_Amy Hunt_36351,invoice_Amy Hunt_36351.txt,36351,Jan 02 2013,21.17,,,
invoice_Amy Hunt_36352,invoice_Amy Hunt_36352.txt,36352,Jan 02 2013,"12,171.58",,,
invoice_Amy Hunt_37363,invoice_Amy Hunt_37363.txt,Date,,0.00,,,
invoice_Andrew Allen_27673,invoice_Andrew Allen_27673.txt,27673,Jun 23 2012,"4,773.33",,,
invoice_Andrew Allen_32756,invoice_Andrew Allen_32756.txt,32756,May 03 2012,54.92,,,
invoice_Andrew Gjertsen_12447,invoice_Andrew Gjertsen_12447.txt,12447,Apr 03 2012,"2,029.10",,,
invoice_Andrew Gjertsen_15999,invoice_Andrew Gjertsen_15999.txt,15999,Apr 04 2012,"13,223.39",,,
invoice_Andrew Gjertsen_28750,invoice_Andrew Gjertsen_28750.txt,28750,Dec 05 2012,"17,632.65",,,
invoice_Andrew Gjertsen_36943,invoice_Andrew Gjertsen_36943.txt,36943,Jan 03 2013,"2,691.08",,,
invoice_Andrew Roberts_15115,invoice_Andrew Roberts_15115.txt,15115,Sep 07 2012,"10,095.19",,,
invoice_Andrew Roberts_21464,invoice_Andrew Roberts_21464.txt,21464,Dec 23 2012,"16,356.00",,,
invoice_Andrew Roberts_31904,invoice_Andrew Roberts_31904.txt,31904,May 22 2012,6.56,,,
invoice_Andrew Roberts_31905,invoice_Andrew Roberts_31905.txt,31905,May 22 2012,190.51,,,
invoice_Andrew Roberts_31906,invoice_Andrew Roberts_31906.txt,31906,May 22 2012,110.38,,,
invoice_Andrew Roberts_37121,invoice_Andrew Roberts_37121.txt,37121,May 01 2012,78.41,,,
invoice_Andy Gerbode_31611,invoice_Andy Gerbode_31611.txt,31611,Aug 08 2012,356.77,,,
invoice_Andy Gerbode_31612,invoice_Andy Gerbode_31612.txt,31612,Aug 08 2012,46.66,,,
invoice_Andy Gerbode_38585,invoice_Andy Gerbode_38585.txt,38585,Sep 01 2012,"1,679.13",,,
invoice_Andy Reiter_24876,invoice_Andy Reiter_24876.txt,24876,Jan 01 2013,"1,240.11",,,
invoice_Andy Reiter_35286,invoice_Andy Reiter_35286.txt,35286,Nov 24 2012,105.92,,,
invoice_Andy Yotov_37312,invoice_Andy Yotov_37312.txt,37312,Apr 05 2012,183.92,,,
invoice_Andy Yotov_37313,invoice_Andy Yotov_37313.txt,37313,Apr 05 2012,231.77,,,
invoice_Andy Yotov_37314,invoice_Andy Yotov_37314.txt,37314,Apr 05 2012,58.32,,,
invoice_Andy Yotov_37315,invoice_Andy Yotov_37315.txt,37315,Apr 05 2012,55.48,,,
invoice_Andy Yotov_39986,invoice_Andy Yotov_39986.txt,39986,Dec 25 2012,24.05,,,
invoice_Anemone Ratner_8876,invoice_Anemone Ratner_8876.txt,8876,Apr 20 2012,"3,886.85",,,
invoice_Angele Hood_12988,invoice_Angele Hood_12988.txt,12988,Jun 07 2012,"11,482.56",,,
invoice_Angele Hood_35601,invoice_Angele Hood_35601.txt,35601,Oct 25 2012,255.68,,,
invoice_Angele Hood_35602,invoice_Angele Hood_35602.txt,35602,Oct 25 2012,"1,919.80",,,
invoice_Ann Blume_35427,invoice_Ann Blume_35427.txt,35427,Nov 17 2012,72.40,,,
invoice_Ann Blume_35513,invoice_Ann Blume_35513.txt,35513,Feb 17 2013,27.72,,,
invoice_Ann Blume_49366,invoice_Ann Blume_49366.txt,49366,Jan 24 2012,560.97,,,
invoice_Ann Blume_49367,invoice_Ann Blume_49367.txt,49367,Jan 24 2012,"2,605.56",,,
invoice_Ann Chong_42692,invoice_Ann Chong_42692.txt,42692,Sep 30 2012,"4,066.56",,,
invoice_Ann Steele_33707,invoice_Ann Steele_33707.txt,33707,Jul 31 2012,11.36,,,
invoice_Ann Steele_39387,invoice_Ann Steele_39387.txt,39387,Dec 06 2012,"1,885.52",,,
invoice_Ann Steele_51179,invoice_Ann Steele_51179.txt,51179,Jul 06 2012,"2,606.83",,,
invoice_Anna Andreadi_35317,invoice_Anna Andreadi_35317.txt,35317,Jun 21 2012,510.17,,,
invoice_Anna Andreadi_35318,invoice_Anna Andreadi_35318.txt,35318,Jun 21 2012,248.35,,,
invoice_Anna Andreadi_35319,invoice_Anna Andreadi_35319.txt,35319,Jun 21 2012,"4,269.65",,,
invoice_Anna Andreadi_39300,invoice_Anna Andreadi_39300.txt,39300,Nov 30 2012,543.80,,,
invoice_Anna Andreadi_39301,invoice_Anna Andreadi_39301.txt,Date,,0.00,,,
invoice_Anna Andreadi_39302,invoice_Anna Andreadi_39302.txt,39302,Nov 30 2012,19.64,,,
invoice_Anna Chung_36194,invoice_Anna Chung_36194.txt,36194,Oct 14 2012,366.74,,,
invoice_Anna Chung_36195,invoice_Anna Chung_36195.txt,36195,Oct 14 2012,15.94,,,
invoice_Anna Gayman_42837,invoice_Anna Gayman_42837.txt,42837,Sep 01 2012,922.95,,,
invoice_Anna Häberlin_40216,invoice_Anna Häberlin_40216.txt,40216,Apr 01 2012,355.36,,,
invoice_Anne McFarland_19331,invoice_Anne McFarland_19331.txt,19331,Oct 11 2012,"8,741.76",,,
invoice_Anne McFarland_35500,invoice_Anne McFarland_35500.txt,35500,Oct 30 2012,246.25,,,
invoice_Anne McFarland_35501,invoice_Anne McFarland_35501.txt,Date,,0.00,,,
invoice_Anne McFarland_35502,invoice_Anne McFarland_35502.txt,35502,Oct 30 2012,29.52,,,
invoice_Anne McFarland_35503,invoice_Anne McFarland_35503.txt,35503,Oct 30 2012,68.16,,,
invoice_Anne McFarland_35504,invoice_Anne McFarland_35504.txt,35504,Oct 30 2012,53.01,,,
invoice_Anne McFarland_35505,invoice_Anne McFarland_35505.txt,35505,Oct 30 2012,"8,024.50",,,
invoice_Anne McFarland_35506,invoice_Anne McFarland_35506.txt,Date,,0.00,,,
invoice_Anne Pryor_32459,invoice_Anne Pryor_32459.txt,32459,Mar 02 2012,9.99,,,
invoice_Anne Pryor_32460,invoice_Anne Pryor_32460.txt,32460,Mar 02 2012,377.28,,,
invoice_Anne Pryor_32461,invoice_Anne Pryor_32461.txt,32461,Mar 02 2012,126.60,,,
invoice_Annie Thurman_29368,invoice_Annie Thurman_29368.txt,29368,Jun 05 2012,"8,586.68",,,
invoice_Annie Thurman_37562,invoice_Annie Thurman_37562.txt,Date,,0.00,,,
invoice_Annie Thurman_37563,invoice_Annie Thurman_37563.txt,37563,Nov 02 2012,"1,294.70",,,
invoice_Annie Thurman_39757,invoice_Annie Thurman_39757.txt,39757,Aug 29 2012,126.50,,,
invoice_Annie Thurman_39758,invoice_Annie Thurman_39758.txt,39758,Aug 29 2012,287.82,,,
invoice_Annie Zypern_33729,invoice_Annie Zypern_33729.txt,33729,Mar 24 2012,"2,567.50",,,
invoice_Annie Zypern_36397,invoice_Annie Zypern_36397.txt,36397,Mar 16 2012,8.90,,,
invoice_Annie Zypern_36398,invoice_Annie Zypern_36398.txt,36398,Mar 16 2012,5.18,,,
invoice_Annie Zypern_36399,invoice_Annie Zypern_36399.txt,36399,Mar 16 2012,46.66,,,
invoice_Annie Zypern_767,invoice_Annie Zypern_767.txt,767,Dec 28 2012,"19,435.52",,,
invoice_Anthony Garverick_32175,invoice_Anthony Garverick_32175.txt,Date,,0.00,,,
invoice_Anthony Jacobs_32162,invoice_Anthony Jacobs_32162.txt,32162,Jan 11 2012,2.89,,,
invoice_Anthony Jacobs_32163,invoice_Anthony Jacobs_32163.txt,Date,,0.00,,,
invoice_Anthony Jacobs_37592,invoice_Anthony Jacobs_37592.txt,37592,Dec 27 2012,"10,423.08",,,
invoice_Anthony Jacobs_37593,invoice_Anthony Jacobs_37593.txt,37593,Dec 27 2012,"3,521.25",,,
invoice_Anthony Jacobs_37594,invoice_Anthony Jacobs_37594.txt,37594,Dec 27 2012,567.04,,,
invoice_Anthony Jacobs_37936,invoice_Anthony Jacobs_37936.txt,37936,Oct 30 2012,"11,373.31",,,
invoice_Anthony Johnson_32065,invoice_Anthony Johnson_32065.txt,32065,May 13 2012,621.76,,,
invoice_Anthony Johnson_35334,invoice_Anthony Johnson_35334.txt,35334,Dec 28 2012,124.50,,,
invoice_Anthony Johnson_35335,invoice_Anthony Johnson_35335.txt,35335,Dec 28 2012,84.48,,,
invoice_Anthony Johnson_35336,invoice_Anthony Johnson_35336.txt,35336,Dec 28 2012,"4,607.71",,,
invoice_Anthony Johnson_35337,invoice_Anthony Johnson_35337.txt,35337,Dec 28 2012,43.06,,,
invoice_Anthony Johnson_35338,invoice_Anthony Johnson_35338.txt,35338,Dec 28 2012,575.93,,,
invoice_Anthony Johnson_35339,invoice_Anthony Johnson_35339.txt,35339,Dec 28 2012,"2,472.93",,,
invoice_Anthony Johnson_35340,invoice_Anthony Johnson_35340.txt,Date,,0.00,,,
invoice_Anthony O'Donnell_16013,invoice_Anthony O'Donnell_16013.txt,16013,Dec 25 2012,"5,805.60",,,
invoice_Anthony O'Donnell_25068,invoice_Anthony O'Donnell_25068.txt,25068,Dec 08 2012,"5,175.17",,,
invoice_Anthony Rawles_11116,invoice_Anthony Rawles_11116.txt,11116,May 12 2012,"4,101.60",,,
invoice_Anthony Rawles_34444,invoice_Anthony Rawles_34444.txt,34444,Jun 29 2012,162.00,,,
invoice_Anthony Witt_16997,invoice_Anthony Witt_16997.txt,16997,Nov 29 2012,"11,526.72",,,
invoice_Anthony Witt_6470,invoice_Anthony Witt_6470.txt,6470,Jun 12 2012,"9,073.26",,,
invoice_Arianne Irving_36493,invoice_Arianne Irving_36493.txt,36493,May 09 2012,474.39,,,
invoice_Arianne Irving_36494,invoice_Arianne Irving_36494.txt,36494,May 09 2012,218.00,,,
invoice_Arianne Irving_38989,invoice_Arianne Irving_38989.txt,38989,Dec 28 2012,532.80,,,
invoice_Arianne Irving_38990,invoice_Arianne Irving_38990.txt,38990,Dec 28 2012,"1,279.87",,,
invoice_Arianne Irving_39748,invoice_Arianne Irving_39748.txt,39748,Apr 27 2012,"8,399.80",,,
invoice_Art Ferguson_20228,invoice_Art Ferguson_20228.txt,20228,Sep 27 2012,"33,561.60",,,
invoice_Art Ferguson_910,invoice_Art Ferguson_910.txt,910,Oct 26 2012,"3,824.10",,,
invoice_Art Ferguson_911,invoice_Art Ferguson_911.txt,911,Oct 26 2012,"17,525.76",,,
invoice_Art Foster_34581,invoice_Art Foster_34581.txt,34581,Sep 11 2012,447.47,,,
invoice_Art Foster_38851,invoice_Art Foster_38851.txt,38851,May 09 2012,"2,449.76",,,
invoice_Art Foster_38852,invoice_Art Foster_38852.txt,38852,May 09 2012,111.60,,,
invoice_Arthur Gainer_31669,invoice_Arthur Gainer_31669.txt,31669,Jul 22 2012,40.80,,,
invoice_Arthur Gainer_31670,invoice_Arthur Gainer_31670.txt,31670,Jul 22 2012,"8,191.49",,,
invoice_Arthur Gainer_31671,invoice_Arthur Gainer_31671.txt,31671,Jul 22 2012,9.24,,,
invoice_Arthur Gainer_31672,invoice_Arthur Gainer_31672.txt,31672,Jul 22 2012,"4,790.40",,,
invoice_Arthur Prichep_32438,invoice_Arthur Prichep_32438.txt,32438,Sep 28 2012,409.20,,,
invoice_Arthur Prichep_32439,invoice_Arthur Prichep_32439.txt,32439,Sep 28 2012,34.88,,,
invoice_Arthur Prichep_32440,invoice_Arthur Prichep_32440.txt,32440,Sep 28 2012,6.48,,,
invoice_Arthur Prichep_32441,invoice_Arthur Prichep_32441.txt,32441,Sep 28 2012,"1,372.64",,,
invoice_Arthur Prichep_32442,invoice_Arthur Prichep_32442.txt,32442,Sep 28 2012,62.18,,,
invoice_Arthur Prichep_35041,invoice_Arthur Prichep_35041.txt,35041,Oct 23 2012,35.55,,,
invoice_Arthur Prichep_37075,invoice_Arthur Prichep_37075.txt,37075,Nov 10 2012,91.44,,,
invoice_Arthur Prichep_37076,invoice_Arthur Prichep_37076.txt,37076,Nov 10 2012,112.65,,,
invoice_Arthur Prichep_38316,invoice_Arthur Prichep_38316.txt,38316,Aug 22 2012,46.66,,,
invoice_Arthur Prichep_38317,invoice_Arthur Prichep_38317.txt,38317,Aug 22 2012,6.80,,,
invoice_Arthur Prichep_38318,invoice_Arthur Prichep_38318.txt,38318,Aug 22 2012,12.67,,,
invoice_Arthur Prichep_38319,invoice_Arthur Prichep_38319.txt,38319,Aug 22 2012,"1,292.76",,,
invoice_Arthur Prichep_38320,invoice_Arthur Prichep_38320.txt,38320,Aug 22 2012,186.62,,,
invoice_Arthur Prichep_38321,invoice_Arthur Prichep_38321.txt,38321,Aug 22 2012,"2,007.50",,,
invoice_Arthur Wiediger_33503,invoice_Arthur Wiediger_33503.txt,33503,Jul 13 2012,209.52,,,
invoice_Arthur Wiediger_33504,invoice_Arthur Wiediger_33504.txt,33504,Jul 13 2012,153.09,,,
invoice_Ashley Jarboe_31852,invoice_Ashley Jarboe_31852.txt,31852,Mar 02 2012,77.82,,,
invoice_Ashley Jarboe_7804,invoice_Ashley Jarboe_7804.txt,7804,Sep 11 2012,"6,157.44",,,
invoice_Astrea Jones_12655,invoice_Astrea Jones_12655.txt,12655,Feb 06 2013,"3,906.36",,,
invoice_Astrea Jones_31788,invoice_Astrea Jones_31788.txt,31788,Sep 13 2012,"2,245.75",,,
invoice_Astrea Jones_31789,invoice_Astrea Jones_31789.txt,31789,Sep 13 2012,33.21,,,
invoice_Astrea Jones_39561,invoice_Astrea Jones_39561.txt,39561,Dec 29 2012,368.82,,,
invoice_Astrea Jones_39562,invoice_Astrea Jones_39562.txt,39562,Dec 29 2012,248.14,,,
invoice_Barbara Fisher_23962,invoice_Barbara Fisher_23962.txt,23962,Aug 07 2012,"5,094.24",,,
invoice_Barbara Fisher_33134,invoice_Barbara Fisher_33134.txt,33134,Jul 31 2012,52.63,,,
invoice_Barbara Fisher_33135,invoice_Barbara Fisher_33135.txt,33135,Jul 31 2012,176.51,,,
invoice_Barbara Fisher_33136,invoice_Barbara Fisher_33136.txt,33136,Jul 31 2012,62.92,,,
invoice_Barbara Fisher_33137,invoice_Barbara Fisher_33137.txt,33137,Jul 31 2012,156.61,,,
invoice_Barbara Fisher_39349,invoice_Barbara Fisher_39349.txt,39349,Jul 13 2012,53.82,,,
invoice_Barry Blumstein_40184,invoice_Barry Blumstein_40184.txt,40184,Jul 26 2012,552.56,,,
invoice_Barry Franz_38346,invoice_Barry Franz_38346.txt,38346,Sep 24 2012,29.15,,,
invoice_Barry Französisch_38734,invoice_Barry Französisch_38734.txt,38734,Feb 16 2012,106.80,,,
invoice_Barry Gonzalez_2765,invoice_Barry Gonzalez_2765.txt,2765,Dec 20 2012,"4,407.06",,,
invoice_Barry Gonzalez_39057,invoice_Barry Gonzalez_39057.txt,39057,Dec 05 2012,84.42,,,
invoice_Barry Gonzalez_41083,invoice_Barry Gonzalez_41083.txt,41083,Nov 04 2012,749.50,,,
invoice_Barry Pond_40736,invoice_Barry Pond_40736.txt,Date,,0.00,,,
invoice_Barry Weirich_12169,invoice_Barry Weirich_12169.txt,12169,Aug 04 2012,"4,688.64",,,
invoice_Barry Weirich_40737,invoice_Barry Weirich_40737.txt,40737,May 24 2012,29.24,,,
invoice_Barry Weirich_9907,invoice_Barry Weirich_9907.txt,9907,Apr 03 2012,"5,319.84",,,
invoice_Bart Watters_20674,invoice_Bart Watters_20674.txt,20674,Jun 16 2012,"16,191.53",,,
invoice_Bart Watters_30764,invoice_Bart Watters_30764.txt,30764,May 22 2012,"2,544.24",,,
invoice_Becky Martin_30241,invoice_Becky Martin_30241.txt,30241,Nov 22 2012,"2,369.24",,,
invoice_Becky Pak_12051,invoice_Becky Pak_12051.txt,12051,Aug 09 2012,"47,492.89",,,
invoice_Becky Pak_3801,invoice_Becky Pak_3801.txt,3801,Sep 15 2012,"2,211.84",,,
invoice_Ben Peterman_17220,invoice_Ben Peterman_17220.txt,17220,Dec 09 2012,609.12,,,
invoice_Ben Peterman_17222,invoice_Ben Peterman_17222.txt,17222,Dec 09 2012,"1,109.05",,,
invoice_Ben Wallace_12333,invoice_Ben Wallace_12333.txt,12333,Jun 25 2012,"1,408.10",,,
invoice_Benjamin Farhat_24938,invoice_Benjamin Farhat_24938.txt,24938,Feb 16 2012,"8,476.02",,,
invoice_Benjamin Patterson_11954,invoice_Benjamin Patterson_11954.txt,11954,Mar 31 2012,"1,775.52",,,
invoice_Benjamin Patterson_22999,invoice_Benjamin Patterson_22999.txt,22999,Feb 24 2013,"7,514.88",,,
invoice_Benjamin Patterson_42921,invoice_Benjamin Patterson_42921.txt,42921,Aug 01 2012,550.80,,,
invoice_Benjamin Venier_17062,invoice_Benjamin Venier_17062.txt,17062,Jun 01 2012,"8,210.16",,,
invoice_Berenike Kampe_12204,invoice_Berenike Kampe_12204.txt,12204,Apr 10 2012,"2,356.02",,,
invoice_Beth Fritzler_3924,invoice_Beth Fritzler_3924.txt,3924,Dec 22 2012,"2,261.66",,,
invoice_Beth Thompson_1286,invoice_Beth Thompson_1286.txt,1286,Nov 01 2012,"1,344.96",,,
invoice_Bill Donatelli_11631,invoice_Bill Donatelli_11631.txt,11631,May 01 2012,"6,944.40",,,
invoice_Bill Eplett_14021,invoice_Bill Eplett_14021.txt,14021,Mar 07 2013,"9,466.50",,,
invoice_Bill Eplett_27119,invoice_Bill Eplett_27119.txt,27119,Jun 28 2012,"6,414.00",,,
invoice_Bill Stewart_18470,invoice_Bill Stewart_18470.txt,18470,Jun 05 2012,"2,312.95",,,
invoice_Bill Stewart_3526,invoice_Bill Stewart_3526.txt,3526,Feb 26 2012,"4,941.60",,,
invoice_Bill Stewart_3527,invoice_Bill Stewart_3527.txt,3527,Feb 26 2012,"4,112.64",,,
invoice_Bobby Elias_49218,invoice_Bobby Elias_49218.txt,49218,Apr 07 2012,526.08,,,
invoice_Brad Eason_21858,invoice_Brad Eason_21858.txt,21858,Mar 03 2012,"1,664.28",,,
invoice_Brad Norvell_27645,invoice_Brad Norvell_27645.txt,27645,Nov 29 2012,"3,174.00",,,
invoice_Brad Thomas_16669,invoice_Brad Thomas_16669.txt,16669,Sep 25 2012,"6,265.35",,,
invoice_Bradley Drucker_14229,invoice_Bradley Drucker_14229.txt,14229,Dec 16 2012,"3,281.04",,,
invoice_Bradley Talbott_28557,invoice_Bradley Talbott_28557.txt,28557,Feb 26 2013,"32,707.80",,,
invoice_Brendan Dodson_16305,invoice_Brendan Dodson_16305.txt,16305,Nov 01 2012,"3,786.18",,,
invoice_Brendan Dodson_20145,invoice_Brendan Dodson_20145.txt,20145,Feb 22 2013,"11,428.50",,,
invoice_Brendan Dodson_7694,invoice_Brendan Dodson_7694.txt,7694,Jun 12 2012,"1,895.74",,,
invoice_Brendan Dodson_7695,invoice_Brendan Dodson_7695.txt,7695,Jun 12 2012,"1,422.00",,,
invoice_Brendan Murry_20958,invoice_Brendan Murry_20958.txt,20958,Sep 01 2012,"12,459.64",,,
invoice_Brendan Murry_26986,invoice_Brendan Murry_26986.txt,26986,Aug 28 2012,"16,107.97",,,
invoice_Brendan Sweed_15587,invoice_Brendan Sweed_15587.txt,15587,Apr 21 2012,"3,226.39",,,
invoice_Brendan Sweed_3187,invoice_Brendan Sweed_3187.txt,3187,Aug 24 2012,"6,371.84",,,
invoice_Brian Derr_30860,invoice_Brian Derr_30860.txt,30860,Nov 09 2012,"2,943.00",,,
invoice_Brian Stugart_42321,invoice_Brian Stugart_42321.txt,42321,May 13 2012,"1,449.60",,,
invoice_Brooke Gillingham_4891,invoice_Brooke Gillingham_4891.txt,4891,Dec 07 2012,"20,041.34",,,
invoice_Brooke Gillingham_5809,invoice_Brooke Gillingham_5809.txt,5809,Dec 08 2012,"6,400.40",,,
invoice_Bruce Degenhardt_2535,invoice_Bruce Degenhardt_2535.txt,2535,Jul 19 2012,"5,856.48",,,
invoice_Bruce Degenhardt_9931,invoice_Bruce Degenhardt_9931.txt,9931,Jan 01 2013,"4,590.74",,,
invoice_Bruce Geld_27230,invoice_Bruce Geld_27230.txt,27230,Jul 18 2012,"10,222.56",,,
invoice_Bruce Geld_27231,invoice_Bruce Geld_27231.txt,27231,Jul 18 2012,"8,828.19",,,
invoice_Bruce Stewart_25045,invoice_Bruce Stewart_25045.txt,25045,Jul 19 2012,"10,750.70",,,
invoice_Bruce Stewart_6183,invoice_Bruce Stewart_6183.txt,6183,Sep 12 2012,"2,054.00",,,
invoice_Bruce Stewart_9354,invoice_Bruce Stewart_9354.txt,9354,Oct 24 2012,"1,292.54",,,
invoice_Bryan Davis_16603,invoice_Bryan Davis_16603.txt,16603,Jul 26 2012,"4,865.86",,,
invoice_Bryan Mills_21030,invoice_Bryan Mills_21030.txt,21030,Mar 09 2012,"5,096.64",,,
invoice_Bryan Mills_28645,invoice_Bryan Mills_28645.txt,28645,Aug 03 2012,"5,820.48",,,
invoice_Bryan Mills_28646,invoice_Bryan Mills_28646.txt,28646,Aug 03 2012,"3,853.44",,,
invoice_Bryan Mills_49041,invoice_Bryan Mills_49041.txt,49041,May 23 2012,"1,749.36",,,
invoice_Bryan Spruell_41361,invoice_Bryan Spruell_41361.txt,41361,Jul 06 2012,"7,422.72",,,
invoice_Bryan Spruell_46338,invoice_Bryan Spruell_46338.txt,46338,Oct 09 2012,"3,942.72",,,
invoice_Candace McMahon_16144,invoice_Candace McMahon_16144.txt,16144,Apr 17 2012,"18,151.61",,,
invoice_Cari Sayre_21620,invoice_Cari Sayre_21620.txt,21620,Aug 18 2012,"11,685.75",,,
invoice_Cari Sayre_21621,invoice_Cari Sayre_21621.txt,21621,Aug 18 2012,"9,690.75",,,
invoice_Cari Sayre_21624,invoice_Cari Sayre_21624.txt,21624,Aug 18 2012,"7,344.00",,,
invoice_Cari Sayre_8137,invoice_Cari Sayre_8137.txt,8137,Nov 03 2012,"5,607.36",,,
invoice_Carl Jackson_2027,invoice_Carl Jackson_2027.txt,2027,Oct 14 2012,"6,878.00",,,
invoice_Carl Weiss_44270,invoice_Carl Weiss_44270.txt,44270,Aug 08 2012,457.14,,,
invoice_Carlos Daly_25242,invoice_Carlos Daly_25242.txt,25242,Mar 11 2012,"22,904.07",,,
invoice_Carlos Soltero_18994,invoice_Carlos Soltero_18994.txt,18994,Jan 09 2013,"6,468.38",,,
invoice_Carlos Soltero_3719,invoice_Carlos Soltero_3719.txt,3719,Feb 24 2012,"1,002.95",,,
invoice_Carol Adams_27720,invoice_Carol Adams_27720.txt,27720,Feb 10 2012,"76,985.04",,,
invoice_Carol Darley_42483,invoice_Carol Darley_42483.txt,42483,Apr 21 2012,829.32,,,
invoice_Carol Triggs_15981,invoice_Carol Triggs_15981.txt,15981,Jan 12 2013,"1,837.35",,,
invoice_Caroline Jumper_19288,invoice_Caroline Jumper_19288.txt,19288,Aug 23 2012,364.39,,,
invoice_Caroline Jumper_24158,invoice_Caroline Jumper_24158.txt,24158,Jan 25 2013,"1,581.03",,,
invoice_Caroline Jumper_7640,invoice_Caroline Jumper_7640.txt,7640,Jun 16 2012,"1,238.40",,,
invoice_Catherine Glotzbach_24210,invoice_Catherine Glotzbach_24210.txt,24210,Dec 09 2012,"2,328.75",,,
invoice_Cathy Hwang_27988,invoice_Cathy Hwang_27988.txt,27988,Apr 11 2012,"5,805.60",,,
invoice_Chad Cunningham_11753,invoice_Chad Cunningham_11753.txt,11753,Jan 04 2013,"3,402.24",,,
invoice_Chad Cunningham_1935,invoice_Chad Cunningham_1935.txt,1935,Feb 03 2013,"1,796.04",,,
invoice_Charles Sheldon_51126,invoice_Charles Sheldon_51126.txt,51126,Jan 18 2012,"2,985.55",,,
invoice_Charlotte Melton_27583,invoice_Charlotte Melton_27583.txt,27583,Jun 05 2012,"12,195.89",,,
invoice_Chris Selesnick_15521,invoice_Chris Selesnick_15521.txt,15521,Mar 29 2012,"3,645.68",,,
invoice_Christina Anderson_10338,invoice_Christina Anderson_10338.txt,10338,Sep 26 2012,"9,461.25",,,
invoice_Christina Anderson_10340,invoice_Christina Anderson_10340.txt,10340,Sep 26 2012,"3,422.25",,,
invoice_Christina Anderson_48914,invoice_Christina Anderson_48914.txt,48914,Sep 18 2012,302.46,,,
invoice_Christina DeMoss_21707,invoice_Christina DeMoss_21707.txt,21707,Feb 06 2013,"5,141.76",,,
invoice_Christine Phan_50073,invoice_Christine Phan_50073.txt,50073,Aug 10 2012,"6,054.24",,,
invoice_Christopher Martinez_22699,invoice_Christopher Martinez_22699.txt,22699,Feb 15 2012,"7,411.72",,,
invoice_Christopher Martinez_22701,invoice_Christopher Martinez_22701.txt,22701,Feb 15 2012,"8,292.38",,,
invoice_Christopher Martinez_50636,invoice_Christopher Martinez_50636.txt,50636,Jan 13 2013,783.72,,,
invoice_Christopher Martinez_8015,invoice_Christopher Martinez_8015.txt,8015,Dec 12 2012,"10,604.00",,,
invoice_Christy Brittain_11911,invoice_Christy Brittain_11911.txt,11911,Jul 03 2012,"5,598.94",,,
invoice_Chuck Magee_45227,invoice_Chuck Magee_45227.txt,45227,Apr 24 2012,"1,812.48",,,
invoice_Chuck Magee_48363,invoice_Chuck Magee_48363.txt,48363,Oct 03 2012,"7,036.80",,,
invoice_Chuck Sachs_42196,invoice_Chuck Sachs_42196.txt,42196,Jul 31 2012,"1,845.72",,,
invoice_Cindy Chapman_29381,invoice_Cindy Chapman_29381.txt,29381,Aug 12 2012,"6,153.12",,,
invoice_Cindy Schnelling_49559,invoice_Cindy Schnelling_49559.txt,49559,Jan 21 2013,"2,172.36",,,
invoice_Clay Cheatham_48022,invoice_Clay Cheatham_48022.txt,48022,Jun 02 2012,855.15,,,
invoice_Clay Ludtke_48974,invoice_Clay Ludtke_48974.txt,48974,Jun 19 2012,703.80,,,
invoice_Clay Rozendal_29578,invoice_Clay Rozendal_29578.txt,29578,Aug 11 2012,"8,128.38",,,
invoice_Corey Catlett_17534,invoice_Corey Catlett_17534.txt,17534,Jan 15 2013,"20,553.43",,,
invoice_Corey Catlett_6832,invoice_Corey Catlett_6832.txt,6832,Nov 25 2012,"3,399.66",,,
app_89bff077f40245afae70ef7c609893b2,invoice_Aimee Bixby_39794.pdf,39794,,"$1,439.91",USD,"SuperStore INVOICE # 39794 Date: Mar 04 2012 Bill To: Ship To: Ship Mod s acl : n Aimee Bixby 10701, Yonkers, New p Moae",
app_3124ec363a8043c980d84b99fb758129,invoice_Aimee Bixby_39794.pdf,39794,,"$1,439.91",USD,"SuperStore INVOICE # 39794 Date: Mar 04 2012 Bill To: Ship To: Ship Mod s acl : n Aimee Bixby 10701, Yonkers, New p Moae",
